<?xml version="1.0" encoding="UTF-8"?>
<!DOCTYPE mapper PUBLIC "-//mybatis.org//DTD Mapper 3.0//EN" "http://mybatis.org/dtd/mybatis-3-mapper.dtd">
<mapper namespace="lu.my.mall.dao.LogMapper">
  <resultMap id="BaseResultMap" type="lu.my.mall.entity.logEntity">
    <id column="logId" jdbcType="VARCHAR" property="logID" />
    <id column="logUser" jdbcType="VARCHAR" property="logUser" />
    <result column="logIP" jdbcType="VARCHAR" property="logIP" />
    <result column="logURL" jdbcType="VARCHAR" property="logURL" />
    <result column="logFuntion" jdbcType="VARCHAR" property="logFunction" />
    <result column="logTime" jdbcType="DATE" property="logTime" />
    <result column="logParam" jdbcType="VARCHAR" property="logParam" />
  </resultMap>


  <sql id="Base_Column_List">
    logId, logUser, logIP, logURL, logFuntion, logTime,logParam
  </sql>


  <insert id="insert" parameterType="lu.my.mall.entity.logEntity">
    insert into adminlog (logId,logUser, logIP, logURL,
      logFuntion, logTime,logParam)
    values (1, #{logUser,jdbcType=VARCHAR}, #{logIP,jdbcType=VARCHAR}, #{logURL,jdbcType=VARCHAR},
      #{logFunction,jdbcType=VARCHAR}, #{logTime,jdbcType=DATE},#{logParam,jdbcType=VARCHAR})
  </insert>

  <insert id="shopmanInsert" parameterType="lu.my.mall.entity.logEntity">
    insert into shopmanlog (logId,logUser, logIP, logURL,
      logFuntion, logTime,logParam)
    values (1, #{logUser,jdbcType=VARCHAR}, #{logIP,jdbcType=VARCHAR}, #{logURL,jdbcType=VARCHAR},
      #{logFunction,jdbcType=VARCHAR}, #{logTime,jdbcType=DATE},#{logParam,jdbcType=VARCHAR})
  </insert>

  <insert id="userInsert" parameterType="lu.my.mall.entity.logEntity">
    insert into userlog (logId,logUser, logIP, logURL,
      logFuntion, logTime,logParam)
    values (1, #{logUser,jdbcType=VARCHAR}, #{logIP,jdbcType=VARCHAR}, #{logURL,jdbcType=VARCHAR},
      #{logFunction,jdbcType=VARCHAR}, #{logTime,jdbcType=DATE},#{logParam,jdbcType=VARCHAR})
  </insert>
  <select id="findLogBuyList" parameterType="Map" resultMap="BaseResultMap">
    select
    <include refid="Base_Column_List"/>
    from userlog where logFuntion = "添加购物车"
    <if test="start!=null and limit!=null">
      limit #{start},#{limit}
    </if>
  </select>



  <select id="findUserLog" parameterType="Map" resultMap="BaseResultMap">
    select
    logFuntion, logTime,logParam
    from userlog
    <if test="start!=null and limit!=null">
      limit #{start},#{limit}
    </if>
  </select>

  <select id="findShopmanLog" parameterType="Map" resultMap="BaseResultMap">
    select
    <include refid="Base_Column_List"/>
    from shopmanlog
    <if test="start!=null and limit!=null">
      limit #{start},#{limit}
    </if>
  </select>

  <select id="findAdminLog" parameterType="Map" resultMap="BaseResultMap">
    select
    <include refid="Base_Column_List"/>
    from adminlog
    <if test="start!=null and limit!=null">
      limit #{start},#{limit}
    </if>
  </select>

  <resultMap id="goodsCount" type="lu.my.mall.entity.goodsCount">
    <id column="category_name" jdbcType="VARCHAR" property="category_name" />
    <id column="SUM(mymall_order_item.selling_price)" jdbcType="INTEGER" property="sum" />
    <result column="COUNT(*)" jdbcType="INTEGER" property="count" />
  </resultMap>

  <select id="goodsCountList" parameterType="Map" resultMap="goodsCount">
    SELECT category_name, SUM(mymall_order_item.selling_price),COUNT(*) FROM `mymall_order_item`, `mymall_goods_category`,`mymall_goods_info` WHERE
    mymall_order_item.goods_id = mymall_goods_info.goods_id and mymall_goods_info.goods_category_id = mymall_goods_category.category_id GROUP BY category_id
    <if test="start!=null and limit!=null">
      limit #{start},#{limit}
    </if>
  </select>

</mapper>