<?xml version="1.0" encoding="UTF-8"?>
<!DOCTYPE mapper PUBLIC "-//mybatis.org//DTD Mapper 3.0//EN" "http://mybatis.org/dtd/mybatis-3-mapper.dtd">
<mapper namespace="lu.my.mall.dao.ShopManMapper">
  <resultMap id="BaseResultMap" type="lu.my.mall.entity.ShopMan">
    <id column="shopmanID" jdbcType="INTEGER" property="ShopManUserId" />
    <result column="shopmanName" jdbcType="VARCHAR" property="loginUserName" />
    <result column="shopmanPassword" jdbcType="VARCHAR" property="loginPassword" />
    <result column="shopmanNickName" jdbcType="VARCHAR" property="nickName" />
  </resultMap>
  <sql id="Base_Column_List">
    shopmanID, shopmanName, shopmanPassword, shopmanNickName
  </sql>

  <select id="list" resultMap="BaseResultMap">
    select
    <include refid="Base_Column_List" />
    from mymall_shopman
  </select>

  <select id="login" resultMap="BaseResultMap">
    select
    <include refid="Base_Column_List" />
    from mymall_shopman
    where shopmanName = #{userName,jdbcType=VARCHAR} AND shopmanPassword=#{password,jdbcType=VARCHAR}
  </select>

  <select id="selectByPrimaryKey" parameterType="java.lang.Integer" resultMap="BaseResultMap">
    select
    <include refid="Base_Column_List" />
    from mymall_shopman
    where shopmanID = #{shopManUserId,jdbcType=INTEGER}
  </select>
  <insert id="insert" parameterType="lu.my.mall.entity.ShopMan">
    insert into mymall_shopman (shopmanID, shopmanName, shopmanPassword,
      shopmanNickName)
    values (#{shopManUserId,jdbcType=INTEGER}, #{loginUserName,jdbcType=VARCHAR}, #{loginPassword,jdbcType=VARCHAR},
      #{nickName,jdbcType=VARCHAR}})
  </insert>

  <update id="updateByPrimaryKey" parameterType="lu.my.mall.entity.ShopMan">
    update mymall_shopman
    set shopmanName = #{loginUserName,jdbcType=VARCHAR},
      shopmanPassword = #{loginPassword,jdbcType=VARCHAR},
      shopmanNickName = #{nickName,jdbcType=VARCHAR}
    where shopmanID = #{shopManUserId,jdbcType=INTEGER}
  </update>

  <select id="findShopmanList" parameterType="Map" resultMap="BaseResultMap">
    select
    <include refid="Base_Column_List"/>
    from mymall_shopman
    <if test="start!=null and limit!=null">
      limit #{start},#{limit}
    </if>
  </select>
</mapper>