<?xml version="1.0" encoding="UTF-8"?>
<!DOCTYPE mapper PUBLIC "-//mybatis.org//DTD Mapper 3.0//EN" "http://mybatis.org/dtd/mybatis-3-mapper.dtd">
<mapper namespace="lu.my.mall.dao.userWatchMapper">
  <resultMap id="BaseResultMap" type="lu.my.mall.entity.userWatchLog">
    <id column="stoptime" jdbcType="DATE" property="stoptime" />
    <result column="user_id" jdbcType="INTEGER" property="user_id" />
    <result column="goods_id" jdbcType="INTEGER" property="goods_id" />

  </resultMap>
  <sql id="Base_Column_List">
    stoptime, user_id, goods_id
  </sql>


  <insert id="insert" parameterType="lu.my.mall.entity.userWatchLog">
    insert into userwatchlog (stoptime, user_id, goods_id)
    values (#{stoptime,jdbcType=INTEGER}, #{user_id,jdbcType=INTEGER}, #{goods_id,jdbcType=INTEGER})
  </insert>

  <update id="updateByPrimaryKey" parameterType="lu.my.mall.entity.ShopMan">
    update mymall_shopman
    set shopmanName = #{loginUserName,jdbcType=VARCHAR},
      shopmanPassword = #{loginPassword,jdbcType=VARCHAR},
      shopmanNickName = #{nickName,jdbcType=VARCHAR}
    where shopmanID = #{shopManUserId,jdbcType=INTEGER}
  </update>

  <select id="findLogList" parameterType="Map" resultMap="BaseResultMap">
    select
    <include refid="Base_Column_List"/>
    from userwatchlog
    <if test="start!=null and limit!=null">
      limit #{start},#{limit}
    </if>
  </select>
</mapper>